<?xml version="1.0"?><edit><meta><item><parameter>version</parameter><value>1544</value></item><item><parameter>credits</parameter><value>           Thanks to Loranie Reed for Her Time &amp; Kind Heart Interview conducted by Natasha ScullyPhotos by Natasha ScullyEditied by Natasha Scully  </value></item><item><parameter>header_headline</parameter><value>A LIfe in the Eyes of a Blind Woman</value></item><item><parameter>header_font_hex</parameter><value>999999</value></item><item><parameter>header_hex</parameter><value>111111</value></item><item><parameter>header_height</parameter><value>30</value></item><item><parameter>body_hex</parameter><value>111111</value></item><item><parameter>body_frame_hex</parameter><value>000000</value></item><item><parameter>controls_hex</parameter><value>222222</value></item><item><parameter>footer_hex</parameter><value>000000</value></item><item><parameter>footer_font_hex</parameter><value>999999</value></item><item><parameter>footer_height</parameter><value>15</value></item><item><parameter>htmlbg_hex</parameter><value>333333</value></item><item><parameter>player_style</parameter><value>default</value></item><item><parameter>autoStart</parameter><value>false</value></item><item><parameter>autoShowCaptions</parameter><value>false</value></item><item><parameter>click_to_play</parameter><value>true</value></item><item><parameter>display_sizes</parameter><value>false</value></item><item><parameter>display_headline</parameter><value>true</value></item><item><parameter>display_footer</parameter><value>true</value></item><item><parameter>showCredits</parameter><value>true</value></item><item><parameter>showCaptions</parameter><value>true</value></item><item><parameter>embed_style</parameter><value>false</value></item><item><parameter>center</parameter><value>true</value></item><item><parameter>header_headline_font</parameter><value>Arial</value></item><item><parameter>caption_font_face</parameter><value>Arial</value></item><item><parameter>caption_font_size</parameter><value>11</value></item><item><parameter>footer_font_face</parameter><value>Verdana</value></item><item><parameter>footer_font_size</parameter><value>9</value></item><item><parameter>scrub_preview</parameter><value>false</value></item><item><parameter>show_volume</parameter><value>false</value></item><item><parameter>transition_type</parameter><value>crossfade</value></item><item><parameter>transition_time</parameter><value>0.5</value></item><item><parameter>show_thumbnails</parameter><value>true</value></item><item><parameter>show_controls</parameter><value>true</value></item><item><parameter>fullscreen</parameter><value>true</value></item><item><parameter>duration</parameter><value>258325</value></item><item><parameter>tlength</parameter><value>3963468</value></item><item><parameter>fla</parameter><value>489825</value></item><item><parameter>swf</parameter><value>190842</value></item><item><parameter>user</parameter><value /></item><item><parameter>index_width</parameter><value>620</value></item><item><parameter>index_height</parameter><value>533</value></item><item><parameter>c_preset</parameter><value>3</value></item><item><parameter>caption_hex</parameter><value>FFFFFF</value></item><item><parameter>caption_background_hex</parameter><value>000000</value></item><item><parameter>undefined</parameter><value>undefined</value></item></meta><out /><slides><slide><timing>0</timing><file>dsc_0496.jpg</file><caption>November 5, 2013 Loranie Reed listens to her phone for know the time. N Pearl St. Albany, NY. Photo by Natasha Scully </caption><start_percent_x>0</start_percent_x><start_percent_y>0</start_percent_y><start_percent_scale>100</start_percent_scale><end_percent_x>0</end_percent_x><end_percent_y>0</end_percent_y><end_percent_scale>100</end_percent_scale></slide><slide><timing>9124</timing><file>_dsc0967.jpg</file><caption>Noverber 12, 2013 Loraine Reed makes a joke after crossing the street from her office in Albany NY. Photo by Natasha Scully </caption><start_percent_x>0</start_percent_x><start_percent_y>0</start_percent_y><start_percent_scale>100</start_percent_scale><end_percent_x>0</end_percent_x><end_percent_y>0</end_percent_y><end_percent_scale>100</end_percent_scale></slide><slide><timing>18096</timing><file>dsc_0539__2_.jpg</file><caption>November 5, 2013 Loraine waits for the 905 bus after work in Albany NY. Photo by Natasha Scully</caption><start_percent_x>0</start_percent_x><start_percent_y>0</start_percent_y><start_percent_scale>100</start_percent_scale><end_percent_x>0</end_percent_x><end_percent_y>0</end_percent_y><end_percent_scale>100</end_percent_scale></slide><slide><timing>27901</timing><file>_dsc0457.jpg</file><caption>October 25, 2013 Loraine Reed types a recipe in brail for a friend. Schenectady, NY. Photo by Natasha Scully</caption><start_percent_x>0</start_percent_x><start_percent_y>0</start_percent_y><start_percent_scale>100</start_percent_scale><end_percent_x>0</end_percent_x><end_percent_y>0</end_percent_y><end_percent_scale>100</end_percent_scale></slide><slide><timing>35026</timing><file>_dsc0462.jpg</file><caption>October 25, 2013 Loraine Reed types brail in her livingroom. Schenectady, NY. Photo by Natasha Scully</caption><start_percent_x>0</start_percent_x><start_percent_y>0</start_percent_y><start_percent_scale>100</start_percent_scale><end_percent_x>0</end_percent_x><end_percent_y>0</end_percent_y><end_percent_scale>100</end_percent_scale></slide><slide><timing>47415</timing><file>_dsc0848.jpg</file><caption>November 9, 2013 Loraine Reed does her laundry in the basement of her Schenectady, NY home. Photo by Natasha Scully</caption><start_percent_x>0</start_percent_x><start_percent_y>0</start_percent_y><start_percent_scale>100</start_percent_scale><end_percent_x>0</end_percent_x><end_percent_y>0</end_percent_y><end_percent_scale>100</end_percent_scale></slide><slide><timing>59539</timing><file>_dsc0377__2_.jpg</file><caption>October 25, 2013 Loraine Reed in her home in Schenectady, NY. Photo by Natasha Scully </caption><start_percent_x>0</start_percent_x><start_percent_y>0</start_percent_y><start_percent_scale>100</start_percent_scale><end_percent_x>0</end_percent_x><end_percent_y>0</end_percent_y><end_percent_scale>100</end_percent_scale></slide><slide><timing>70456</timing><file>_dsc0305.jpg</file><caption>October 22, 2013 Loraine Reed walks back to work after picking up medication from Rite Aid. North Pearl St. Albany NY. Photo by Natasha Scully </caption><start_percent_x>0</start_percent_x><start_percent_y>0</start_percent_y><start_percent_scale>100</start_percent_scale><end_percent_x>0</end_percent_x><end_percent_y>0</end_percent_y><end_percent_scale>100</end_percent_scale></slide><slide><timing>81650</timing><file>_dsc0900.jpg</file><caption>November 9, 2013 Loranie Reed turns on the TV to watch a rerun episode of Law and Order SVU. Schenectady, NY. Photo by Natasha Scully </caption><start_percent_x>0</start_percent_x><start_percent_y>0</start_percent_y><start_percent_scale>100</start_percent_scale><end_percent_x>0</end_percent_x><end_percent_y>0</end_percent_y><end_percent_scale>100</end_percent_scale></slide><slide><timing>91455</timing><file>_dsc0667.jpg</file><caption>November 9, 2013 Loraine Reed gets ready to make bannna bread. Schenectady, NY. Photo by Natasha Scully </caption><start_percent_x>0</start_percent_x><start_percent_y>0</start_percent_y><start_percent_scale>100</start_percent_scale><end_percent_x>0</end_percent_x><end_percent_y>0</end_percent_y><end_percent_scale>100</end_percent_scale></slide><slide><timing>98219</timing><file>_dsc0445.jpg</file><caption>October 25, 2013 Loraine Reed looks at her Martha Stewart, Living Magazine that has been converted into brail. Schenectady, NY. Photo by Natasha Scully </caption><start_percent_x>0</start_percent_x><start_percent_y>0</start_percent_y><start_percent_scale>100</start_percent_scale><end_percent_x>0</end_percent_x><end_percent_y>0</end_percent_y><end_percent_scale>100</end_percent_scale></slide><slide><timing>103024</timing><file>_dsc0688.jpg</file><caption>November 9, 2013 Loraine Reed does not use a measuring spoon for the vanilla instead she listens as she pours. Schenectady, NY. Photo by Natasha Scully </caption><start_percent_x>0</start_percent_x><start_percent_y>0</start_percent_y><start_percent_scale>100</start_percent_scale><end_percent_x>0</end_percent_x><end_percent_y>0</end_percent_y><end_percent_scale>100</end_percent_scale></slide><slide><timing>113663</timing><file>_dsc0707.jpg</file><caption>November 9, 2013 Loraine Reed smells roasted ground cumin. Schenectady, NY. Photo by Natasha Scully </caption><start_percent_x>0</start_percent_x><start_percent_y>0</start_percent_y><start_percent_scale>100</start_percent_scale><end_percent_x>0</end_percent_x><end_percent_y>0</end_percent_y><end_percent_scale>100</end_percent_scale></slide><slide><timing>117079</timing><file>_dsc0713.jpg</file><caption>November 9, 2013 Loranie Reed smells oregneo. Schenectady, NY. Photo by Natasha Scully</caption><start_percent_x>0</start_percent_x><start_percent_y>0</start_percent_y><start_percent_scale>100</start_percent_scale><end_percent_x>0</end_percent_x><end_percent_y>0</end_percent_y><end_percent_scale>100</end_percent_scale></slide><slide><timing>121329</timing><file>_dsc0411.jpg</file><caption>October 25, 2013 Loraine Reed laughs as she washes dishes in her kitchen in Schenectady NY. Photo by Natasha Scully </caption><start_percent_x>0</start_percent_x><start_percent_y>0</start_percent_y><start_percent_scale>100</start_percent_scale><end_percent_x>0</end_percent_x><end_percent_y>0</end_percent_y><end_percent_scale>100</end_percent_scale></slide><slide><timing>130870</timing><file>_dsc0366.jpg</file><caption>October 25, 2013 Loraine Reed passes her son, Renel Reed a bag to put his sandwhich in. Schenectady, NY. Photo by Natasha Scully  </caption><start_percent_x>0</start_percent_x><start_percent_y>0</start_percent_y><start_percent_scale>100</start_percent_scale><end_percent_x>0</end_percent_x><end_percent_y>0</end_percent_y><end_percent_scale>100</end_percent_scale></slide><slide><timing>138731</timing><file>_dsc0316.jpg</file><caption>October 25, 2013 Renel Reed gives his mother, Loranie Reed a hug before he leaves for his photography class in Schenectady NY. Photo by Natasha Scully </caption><start_percent_x>0</start_percent_x><start_percent_y>0</start_percent_y><start_percent_scale>100</start_percent_scale><end_percent_x>0</end_percent_x><end_percent_y>0</end_percent_y><end_percent_scale>100</end_percent_scale></slide><slide><timing>147425</timing><file>_dsc0367.jpg</file><caption>October 25, 2013 Loraine Reed helps her son, Renel Reed pack a lunch in their kitchen in Schenectady, NY. Photo by Natasha Scully </caption><start_percent_x>0</start_percent_x><start_percent_y>0</start_percent_y><start_percent_scale>100</start_percent_scale><end_percent_x>0</end_percent_x><end_percent_y>0</end_percent_y><end_percent_scale>100</end_percent_scale></slide><slide><timing>153064</timing><file>_dsc0815.jpg</file><caption>November 9, 2013 Loraine Reed resets a clock that she hasn&apos;t heard ticking in her livingroom in Schenectady NY. Photo by Natasha Scully  </caption><start_percent_x>0</start_percent_x><start_percent_y>0</start_percent_y><start_percent_scale>100</start_percent_scale><end_percent_x>0</end_percent_x><end_percent_y>0</end_percent_y><end_percent_scale>100</end_percent_scale></slide><slide><timing>161480</timing><file>_dsc0886.jpg</file><caption>November 9, 2013 Loraine Reed goes through a bag of curtains in her home in Schenectady NY. Photo by Natasha Scully </caption><start_percent_x>0</start_percent_x><start_percent_y>0</start_percent_y><start_percent_scale>100</start_percent_scale><end_percent_x>0</end_percent_x><end_percent_y>0</end_percent_y><end_percent_scale>100</end_percent_scale></slide><slide><timing>168522</timing><file>_dsc0863.jpg</file><caption>In the livingroom of Loranie Redds Schenectady, NY home on November 9, 2013 Loranie pulls out old curtians asking Natasha Scully what color&apos;s they are. Photo by Natasha Scully </caption><start_percent_x>0</start_percent_x><start_percent_y>0</start_percent_y><start_percent_scale>100</start_percent_scale><end_percent_x>0</end_percent_x><end_percent_y>0</end_percent_y><end_percent_scale>100</end_percent_scale></slide><slide><timing>175661</timing><file>_dsc0448.jpg</file><caption>In Schenectady, NY on October 25, 2013 Loranie Reed talks about all the recipes she has used in the Martha Stewart Living magainze. Photo by Natasha Scully </caption><start_percent_x>0</start_percent_x><start_percent_y>0</start_percent_y><start_percent_scale>100</start_percent_scale><end_percent_x>0</end_percent_x><end_percent_y>0</end_percent_y><end_percent_scale>100</end_percent_scale></slide><slide><timing>180910</timing><file>_dsc0431.jpg</file><caption>In Schenectady, NY on, October 25, 2013 Loranie Reed sits in her living room eating M&amp;M&apos;s while talking about her life. Photo by Natasha Scully. </caption><start_percent_x>0</start_percent_x><start_percent_y>0</start_percent_y><start_percent_scale>100</start_percent_scale><end_percent_x>0</end_percent_x><end_percent_y>0</end_percent_y><end_percent_scale>100</end_percent_scale></slide><slide><timing>186271</timing><file>_dsc0389.jpg</file><caption>October 25, 2013 Loraine Reed sits and talks with her son, Renel in their home before he leaves for his photography class in Schenectady, NY. Photo by Natasha Scully  </caption><start_percent_x>0</start_percent_x><start_percent_y>0</start_percent_y><start_percent_scale>100</start_percent_scale><end_percent_x>0</end_percent_x><end_percent_y>0</end_percent_y><end_percent_scale>100</end_percent_scale></slide><slide><timing>191368</timing><file>_dsc0393.jpg</file><caption>October 25, 2013 Loranie Reed sits in her kitchen in Schenectady, NY. Photo by Natasha Scully </caption><start_percent_x>0</start_percent_x><start_percent_y>0</start_percent_y><start_percent_scale>100</start_percent_scale><end_percent_x>0</end_percent_x><end_percent_y>0</end_percent_y><end_percent_scale>100</end_percent_scale></slide><slide><timing>203673</timing><file>_dsc0386.jpg</file><caption>October 25, 2013 Loraine Reed drinks coffee and chats in her home in Schenectady NY. Photo by Natasha Scully </caption><start_percent_x>0</start_percent_x><start_percent_y>0</start_percent_y><start_percent_scale>100</start_percent_scale><end_percent_x>0</end_percent_x><end_percent_y>0</end_percent_y><end_percent_scale>100</end_percent_scale></slide><slide><timing>208090</timing><file>_dsc0364.jpg</file><caption>October 25, 2013 Loraine Reed boils a pot of hot water in her home located in Schenectady, NY. Photo by Natasha Scully  </caption><start_percent_x>0</start_percent_x><start_percent_y>0</start_percent_y><start_percent_scale>100</start_percent_scale><end_percent_x>0</end_percent_x><end_percent_y>0</end_percent_y><end_percent_scale>100</end_percent_scale></slide><slide><timing>216243</timing><file>_dsc0325.jpg</file><caption>October 25, 2013 Renel Reed gets a bowl for ceral in his home in Schenectady, NY. Photo by Natasha Scully </caption><start_percent_x>0</start_percent_x><start_percent_y>0</start_percent_y><start_percent_scale>100</start_percent_scale><end_percent_x>0</end_percent_x><end_percent_y>0</end_percent_y><end_percent_scale>100</end_percent_scale></slide><slide><timing>224187</timing><file>_dsc0394.jpg</file><caption>October 25, 2013 Loranie Reed talks at the kichen table in her home located in Schenectady, NY. Photo by Natasha Scully </caption><start_percent_x>0</start_percent_x><start_percent_y>0</start_percent_y><start_percent_scale>100</start_percent_scale><end_percent_x>0</end_percent_x><end_percent_y>0</end_percent_y><end_percent_scale>100</end_percent_scale></slide><slide><timing>232728</timing><file>_dsc0660.jpg</file><caption>November 8, 2013 Loraine Reed and her friend Theresa walk back from lunch in Albany NY. Photo by Natasha Scully </caption><start_percent_x>0</start_percent_x><start_percent_y>0</start_percent_y><start_percent_scale>100</start_percent_scale><end_percent_x>0</end_percent_x><end_percent_y>0</end_percent_y><end_percent_scale>100</end_percent_scale></slide><slide><timing>250269</timing><file>dsc_0654__2_.jpg</file><caption>November 5, 2013 Loranie Reed laughs as she waits for the 905 bus to do her grocery shopping. Albany, NY. Photo by Natasha Scully </caption><start_percent_x>0</start_percent_x><start_percent_y>0</start_percent_y><start_percent_scale>100</start_percent_scale><end_percent_x>0</end_percent_x><end_percent_y>0</end_percent_y><end_percent_scale>100</end_percent_scale></slide></slides><lower_thirds /><timestamp>1386286841491</timestamp><comment /></edit>